[
    {
        "city": "Port Blair",
        "state": "Andaman and Nicobar Islands"
    },
    {
        "city": "Adoni",
        "state": "Andhra Pradesh"
    },
    {
        "city": "Amaravati",
        "state": "Andhra Pradesh"
    },
    {
        "city": "Anantapur",
        "state": "Andhra Pradesh"
    },
    {
        "city": "Bhimavaram",
        "state": "Andhra Pradesh"
    },
    {
        "city": "Chittoor",
        "state": "Andhra Pradesh"
    },
    {
        "city": "Dharmavaram",
        "state": "Andhra Pradesh"
    },
    {
        "city": "Eluru",
        "state": "Andhra Pradesh"
    },
    {
        "city": "Gudivada",
        "state": "Andhra Pradesh"
    },
    {
        "city": "Guntakal",
        "state": "Andhra Pradesh"
    },
    {
        "city": "Guntur",
        "state": "Andhra Pradesh"
    },
    {
        "city": "Hindupur",
        "state": "Andhra Pradesh"
    },
    {
        "city": "Kadapa",
        "state": "Andhra Pradesh"
    },
    {
        "city": "Kakinada",
        "state": "Andhra Pradesh"
    },
    {
        "city": "Kurnool",
        "state": "Andhra Pradesh"
    },
    {
        "city": "Machilipatnam",
        "state": "Andhra Pradesh"
    },
    {
        "city": "Madanapalle",
        "state": "Andhra Pradesh"
    },
    {
        "city": "Nandyal",
        "state": "Andhra Pradesh"
    },
    {
        "city": "Narasaraopet",
        "state": "Andhra Pradesh"
    },
    {
        "city": "Nellore",
        "state": "Andhra Pradesh"
    },
    {
        "city": "Ongole",
        "state": "Andhra Pradesh"
    },
    {
        "city": "Proddatur",
        "state": "Andhra Pradesh"
    },
    {
        "city": "Rajahmundry",
        "state": "Andhra Pradesh"
    },
    {
        "city": "Srikakulam",
        "state": "Andhra Pradesh"
    },
    {
        "city": "Tadepalligudem",
        "state": "Andhra Pradesh"
    },
    {
        "city": "Tadipatri",
        "state": "Andhra Pradesh"
    },
    {
        "city": "Tenali",
        "state": "Andhra Pradesh"
    },
    {
        "city": "Tirupati",
        "state": "Andhra Pradesh"
    },
    {
        "city": "Vijayawada",
        "state": "Andhra Pradesh"
    },
    {
        "city": "Visakhapatnam",
        "state": "Andhra Pradesh"
    },
    {
        "city": "Vizianagaram",
        "state": "Andhra Pradesh"
    },
    {
        "city": "Itanagar",
        "state": "Arunachal Pradesh"
    },
    {
        "city": "Naharlagun",
        "state": "Arunachal Pradesh"
    },
    {
        "city": "Pasighat",
        "state": "Arunachal Pradesh"
    },
    {
        "city": "Barpeta",
        "state": "Assam"
    },
    {
        "city": "Bongaigaon",
        "state": "Assam"
    },
    {
        "city": "Dhubri",
        "state": "Assam"
    },
    {
        "city": "Dibrugarh",
        "state": "Assam"
    },
    {
        "city": "Diphu",
        "state": "Assam"
    },
    {
        "city": "Guwahati",
        "state": "Assam"
    },
    {
        "city": "Jorhat",
        "state": "Assam"
    },
    {
        "city": "Karimganj",
        "state": "Assam"
    },
    {
        "city": "Lakhimpur",
        "state": "Assam"
    },
    {
        "city": "Nagaon",
        "state": "Assam"
    },
    {
        "city": "Silchar",
        "state": "Assam"
    },
    {
        "city": "Tezpur",
        "state": "Assam"
    },
    {
        "city": "Tinsukia",
        "state": "Assam"
    },
    {
        "city": "Arrah",
        "state": "Bihar"
    },
    {
        "city": "Aurangabad",
        "state": "Bihar"
    },
    {
        "city": "Begusarai",
        "state": "Bihar"
    },
    {
        "city": "Bettiah",
        "state": "Bihar"
    },
    {
        "city": "Bhagalpur",
        "state": "Bihar"
    },
    {
        "city": "Bihar Sharif",
        "state": "Bihar"
    },
    {
        "city": "Buxar",
        "state": "Bihar"
    },
    {
        "city": "Chapra",
        "state": "Bihar"
    },
    {
        "city": "Darbhanga",
        "state": "Bihar"
    },
    {
        "city": "Dehri",
        "state": "Bihar"
    },
    {
        "city": "Gaya",
        "state": "Bihar"
    },
    {
        "city": "Hajipur",
        "state": "Bihar"
    },
    {
        "city": "Jamalpur",
        "state": "Bihar"
    },
    {
        "city": "Jehanabad",
        "state": "Bihar"
    },
    {
        "city": "Katihar",
        "state": "Bihar"
    },
    {
        "city": "Kishanganj",
        "state": "Bihar"
    },
    {
        "city": "Motihari",
        "state": "Bihar"
    },
    {
        "city": "Munger",
        "state": "Bihar"
    },
    {
        "city": "Muzaffarpur",
        "state": "Bihar"
    },
    {
        "city": "Patna",
        "state": "Bihar"
    },
    {
        "city": "Purnia",
        "state": "Bihar"
    },
    {
        "city": "Saharsa",
        "state": "Bihar"
    },
    {
        "city": "Samastipur",
        "state": "Bihar"
    },
    {
        "city": "Sasaram",
        "state": "Bihar"
    },
    {
        "city": "Siwan",
        "state": "Bihar"
    },
    {
        "city": "Chandigarh",
        "state": "Chandigarh"
    },
    {
        "city": "Ambikapur",
        "state": "Chhattisgarh"
    },
    {
        "city": "Bhilai",
        "state": "Chhattisgarh"
    },
    {
        "city": "Bilaspur",
        "state": "Chhattisgarh"
    },
    {
        "city": "Dhamtari",
        "state": "Chhattisgarh"
    },
    {
        "city": "Durg",
        "state": "Chhattisgarh"
    },
    {
        "city": "Jagdalpur",
        "state": "Chhattisgarh"
    },
    {
        "city": "Korba",
        "state": "Chhattisgarh"
    },
    {
        "city": "Raigarh",
        "state": "Chhattisgarh"
    },
    {
        "city": "Raipur",
        "state": "Chhattisgarh"
    },
    {
        "city": "Rajnandgaon",
        "state": "Chhattisgarh"
    },
    {
        "city": "Silvassa",
        "state": "Dadra and Nagar Haveli and Daman and Diu"
    },
    {
        "city": "Daman",
        "state": "Dadra and Nagar Haveli and Daman and Diu"
    },
    {
        "city": "Delhi",
        "state": "Delhi"
    },
    {
        "city": "New Delhi",
        "state": "Delhi"
    },
    {
        "city": "Mapusa",
        "state": "Goa"
    },
    {
        "city": "Margao",
        "state": "Goa"
    },
    {
        "city": "Mormugao",
        "state": "Goa"
    },
    {
        "city": "Panaji",
        "state": "Goa"
    },
    {
        "city": "Ponda",
        "state": "Goa"
    },
    {
        "city": "Vasco da Gama",
        "state": "Goa"
    },
    {
        "city": "Ahmedabad",
        "state": "Gujarat"
    },
    {
        "city": "Amreli",
        "state": "Gujarat"
    },
    {
        "city": "Anand",
        "state": "Gujarat"
    },
    {
        "city": "Anjar",
        "state": "Gujarat"
    },
    {
        "city": "Ankleshwar",
        "state": "Gujarat"
    },
    {
        "city": "Bardoli",
        "state": "Gujarat"
    },
    {
        "city": "Bharuch",
        "state": "Gujarat"
    },
    {
        "city": "Bhavnagar",
        "state": "Gujarat"
    },
    {
        "city": "Bhuj",
        "state": "Gujarat"
    },
    {
        "city": "Botad",
        "state": "Gujarat"
    },
    {
        "city": "Dahod",
        "state": "Gujarat"
    },
    {
        "city": "Deesa",
        "state": "Gujarat"
    },
    {
        "city": "Gandhidham",
        "state": "Gujarat"
    },
    {
        "city": "Gandhinagar",
        "state": "Gujarat"
    },
    {
        "city": "Godhra",
        "state": "Gujarat"
    },
    {
        "city": "Gondal",
        "state": "Gujarat"
    },
    {
        "city": "Himmatnagar",
        "state": "Gujarat"
    },
    {
        "city": "Jamnagar",
        "state": "Gujarat"
    },
    {
        "city": "Jetpur",
        "state": "Gujarat"
    },
    {
        "city": "Junagadh",
        "state": "Gujarat"
    },
    {
        "city": "Kalol",
        "state": "Gujarat"
    },
    {
        "city": "Keshod",
        "state": "Gujarat"
    },
    {
        "city": "Khambhat",
        "state": "Gujarat"
    },
    {
        "city": "Mahuva",
        "state": "Gujarat"
    },
    {
        "city": "Mehsana",
        "state": "Gujarat"
    },
    {
        "city": "Morbi",
        "state": "Gujarat"
    },
    {
        "city": "Nadiad",
        "state": "Gujarat"
    },
    {
        "city": "Navsari",
        "state": "Gujarat"
    },
    {
        "city": "Palanpur",
        "state": "Gujarat"
    },
    {
        "city": "Patan",
        "state": "Gujarat"
    },
    {
        "city": "Porbandar",
        "state": "Gujarat"
    },
    {
        "city": "Rajkot",
        "state": "Gujarat"
    },
    {
        "city": "Surat",
        "state": "Gujarat"
    },
    {
        "city": "Surendranagar",
        "state": "Gujarat"
    },
    {
        "city": "Vadodara",
        "state": "Gujarat"
    },
    {
        "city": "Valsad",
        "state": "Gujarat"
    },
    {
        "city": "Vapi",
        "state": "Gujarat"
    },
    {
        "city": "Veraval",
        "state": "Gujarat"
    },
    {
        "city": "Ambala",
        "state": "Haryana"
    },
    {
        "city": "Bahadurgarh",
        "state": "Haryana"
    },
    {
        "city": "Bhiwani",
        "state": "Haryana"
    },
    {
        "city": "Faridabad",
        "state": "Haryana"
    },
    {
        "city": "Fatehabad",
        "state": "Haryana"
    },
    {
        "city": "Gurgaon",
        "state": "Haryana"
    },
    {
        "city": "Hisar",
        "state": "Haryana"
    },
    {
        "city": "Jind",
        "state": "Haryana"
    },
    {
        "city": "Kaithal",
        "state": "Haryana"
    },
    {
        "city": "Karnal",
        "state": "Haryana"
    },
    {
        "city": "Kurukshetra",
        "state": "Haryana"
    },
    {
        "city": "Palwal",
        "state": "Haryana"
    },
    {
        "city": "Panchkula",
        "state": "Haryana"
    },
    {
        "city": "Panipat",
        "state": "Haryana"
    },
    {
        "city": "Rewari",
        "state": "Haryana"
    },
    {
        "city": "Rohtak",
        "state": "Haryana"
    },
    {
        "city": "Sirsa",
        "state": "Haryana"
    },
    {
        "city": "Sonipat",
        "state": "Haryana"
    },
    {
        "city": "Thanesar",
        "state": "Haryana"
    },
    {
        "city": "Yamunanagar",
        "state": "Haryana"
    },
    {
        "city": "Baddi",
        "state": "Himachal Pradesh"
    },
    {
        "city": "Bilaspur",
        "state": "Himachal Pradesh"
    },
    {
        "city": "Chamba",
        "state": "Himachal Pradesh"
    },
    {
        "city": "Dharamshala",
        "state": "Himachal Pradesh"
    },
    {
        "city": "Hamirpur",
        "state": "Himachal Pradesh"
    },
    {
        "city": "Kullu",
        "state": "Himachal Pradesh"
    },
    {
        "city": "Mandi",
        "state": "Himachal Pradesh"
    },
    {
        "city": "Nahan",
        "state": "Himachal Pradesh"
    },
    {
        "city": "Shimla",
        "state": "Himachal Pradesh"
    },
    {
        "city": "Solan",
        "state": "Himachal Pradesh"
    },
    {
        "city": "Sundarnagar",
        "state": "Himachal Pradesh"
    },
    {
        "city": "Anantnag",
        "state": "Jammu and Kashmir"
    },
    {
        "city": "Baramulla",
        "state": "Jammu and Kashmir"
    },
    {
        "city": "Jammu",
        "state": "Jammu and Kashmir"
    },
    {
        "city": "Kathua",
        "state": "Jammu and Kashmir"
    },
    {
        "city": "Sopore",
        "state": "Jammu and Kashmir"
    },
    {
        "city": "Srinagar",
        "state": "Jammu and Kashmir"
    },
    {
        "city": "Udhampur",
        "state": "Jammu and Kashmir"
    },
    {
        "city": "Adityapur",
        "state": "Jharkhand"
    },
    {
        "city": "Bokaro",
        "state": "Jharkhand"
    },
    {
        "city": "Chaibasa",
        "state": "Jharkhand"
    },
    {
        "city": "Deoghar",
        "state": "Jharkhand"
    },
    {
        "city": "Dhanbad",
        "state": "Jharkhand"
    },
    {
        "city": "Giridih",
        "state": "Jharkhand"
    },
    {
        "city": "Hazaribagh",
        "state": "Jharkhand"
    },
    {
        "city": "Jamshedpur",
        "state": "Jharkhand"
    },
    {
        "city": "Mango",
        "state": "Jharkhand"
    },
    {
        "city": "Medininagar",
        "state": "Jharkhand"
    },
    {
        "city": "Phusro",
        "state": "Jharkhand"
    },
    {
        "city": "Ramgarh",
        "state": "Jharkhand"
    },
    {
        "city": "Ranchi",
        "state": "Jharkhand"
    },
    {
        "city": "Sahibganj",
        "state": "Jharkhand"
    },
    {
        "city": "Bagalkot",
        "state": "Karnataka"
    },
    {
        "city": "Belagavi",
        "state": "Karnataka"
    },
    {
        "city": "Bellary",
        "state": "Karnataka"
    },
    {
        "city": "Bengaluru",
        "state": "Karnataka"
    },
    {
        "city": "Bidar",
        "state": "Karnataka"
    },
    {
        "city": "Chikkamagaluru",
        "state": "Karnataka"
    },
    {
        "city": "Chitradurga",
        "state": "Karnataka"
    },
    {
        "city": "Davangere",
        "state": "Karnataka"
    },
    {
        "city": "Gadag",
        "state": "Karnataka"
    },
    {
        "city": "Gangavathi",
        "state": "Karnataka"
    },
    {
        "city": "Hassan",
        "state": "Karnataka"
    },
    {
        "city": "Hospet",
        "state": "Karnataka"
    },
    {
        "city": "Hubballi-Dharwad",
        "state": "Karnataka"
    },
    {
        "city": "Kalaburagi",
        "state": "Karnataka"
    },
    {
        "city": "Kolar",
        "state": "Karnataka"
    },
    {
        "city": "Mandya",
        "state": "Karnataka"
    },
    {
        "city": "Mangaluru",
        "state": "Karnataka"
    },
    {
        "city": "Mysuru",
        "state": "Karnataka"
    },
    {
        "city": "Raichur",
        "state": "Karnataka"
    },
    {
        "city": "Ranebennur",
        "state": "Karnataka"
    },
    {
        "city": "Robertsonpet",
        "state": "Karnataka"
    },
    {
        "city": "Shivamogga",
        "state": "Karnataka"
    },
    {
        "city": "Tumakuru",
        "state": "Karnataka"
    },
    {
        "city": "Udupi",
        "state": "Karnataka"
    },
    {
        "city": "Vijayapura",
        "state": "Karnataka"
    },
    {
        "city": "Alappuzha",
        "state": "Kerala"
    },
    {
        "city": "Kochi",
        "state": "Kerala"
    },
    {
        "city": "Kollam",
        "state": "Kerala"
    },
    {
        "city": "Kottayam",
        "state": "Kerala"
    },
    {
        "city": "Kozhikode",
        "state": "Kerala"
    },
    {
        "city": "Malappuram",
        "state": "Kerala"
    },
    {
        "city": "Manjeri",
        "state": "Kerala"
    },
    {
        "city": "Palakkad",
        "state": "Kerala"
    },
    {
        "city": "Thalassery",
        "state": "Kerala"
    },
    {
        "city": "Thiruvananthapuram",
        "state": "Kerala"
    },
    {
        "city": "Thrissur",
        "state": "Kerala"
    },
    {
        "city": "Leh",
        "state": "Ladakh"
    },
    {
        "city": "Kargil",
        "state": "Ladakh"
    },
    {
        "city": "Kavaratti",
        "state": "Lakshadweep"
    },
    {
        "city": "Bhopal",
        "state": "Madhya Pradesh"
    },
    {
        "city": "Burhanpur",
        "state": "Madhya Pradesh"
    },
    {
        "city": "Chhindwara",
        "state": "Madhya Pradesh"
    },
    {
        "city": "Dewas",
        "state": "Madhya Pradesh"
    },
    {
        "city": "Guna",
        "state": "Madhya Pradesh"
    },
    {
        "city": "Gwalior",
        "state": "Madhya Pradesh"
    },
    {
        "city": "Indore",
        "state": "Madhya Pradesh"
    },
    {
        "city": "Jabalpur",
        "state": "Madhya Pradesh"
    },
    {
        "city": "Katni",
        "state": "Madhya Pradesh"
    },
    {
        "city": "Khandwa",
        "state": "Madhya Pradesh"
    },
    {
        "city": "Morena",
        "state": "Madhya Pradesh"
    },
    {
        "city": "Murwara",
        "state": "Madhya Pradesh"
    },
    {
        "city": "Ratlam",
        "state": "Madhya Pradesh"
    },
    {
        "city": "Rewa",
        "state": "Madhya Pradesh"
    },
    {
        "city": "Sagar",
        "state": "Madhya Pradesh"
    },
    {
        "city": "Satna",
        "state": "Madhya Pradesh"
    },
    {
        "city": "Shivpuri",
        "state": "Madhya Pradesh"
    },
    {
        "city": "Singrauli",
        "state": "Madhya Pradesh"
    },
    {
        "city": "Ujjain",
        "state": "Madhya Pradesh"
    },
    {
        "city": "Vidisha",
        "state": "Madhya Pradesh"
    },
    {
        "city": "Ahmednagar",
        "state": "Maharashtra"
    },
    {
        "city": "Akola",
        "state": "Maharashtra"
    },
    {
        "city": "Amravati",
        "state": "Maharashtra"
    },
    {
        "city": "Aurangabad",
        "state": "Maharashtra"
    },
    {
        "city": "Badlapur",
        "state": "Maharashtra"
    },
    {
        "city": "Bhiwandi",
        "state": "Maharashtra"
    },
    {
        "city": "Chandrapur",
        "state": "Maharashtra"
    },
    {
        "city": "Dhule",
        "state": "Maharashtra"
    },
    {
        "city": "Gondia",
        "state": "Maharashtra"
    },
    {
        "city": "Ichalkaranji",
        "state": "Maharashtra"
    },
    {
        "city": "Jalgaon",
        "state": "Maharashtra"
    },
    {
        "city": "Jalna",
        "state": "Maharashtra"
    },
    {
        "city": "Kalyan-Dombivli",
        "state": "Maharashtra"
    },
    {
        "city": "Kolhapur",
        "state": "Maharashtra"
    },
    {
        "city": "Latur",
        "state": "Maharashtra"
    },
    {
        "city": "Malegaon",
        "state": "Maharashtra"
    },
    {
        "city": "Mira-Bhayandar",
        "state": "Maharashtra"
    },
    {
        "city": "Mumbai",
        "state": "Maharashtra"
    },
    {
        "city": "Nagpur",
        "state": "Maharashtra"
    },
    {
        "city": "Nanded",
        "state": "Maharashtra"
    },
    {
        "city": "Nashik",
        "state": "Maharashtra"
    },
    {
        "city": "Navi Mumbai",
        "state": "Maharashtra"
    },
    {
        "city": "Panvel",
        "state": "Maharashtra"
    },
    {
        "city": "Parbhani",
        "state": "Maharashtra"
    },
    {
        "city": "Pimpri-Chinchwad",
        "state": "Maharashtra"
    },
    {
        "city": "Pune",
        "state": "Maharashtra"
    },
    {
        "city": "Sangli",
        "state": "Maharashtra"
    },
    {
        "city": "Satara",
        "state": "Maharashtra"
    },
    {
        "city": "Solapur",
        "state": "Maharashtra"
    },
    {
        "city": "Thane",
        "state": "Maharashtra"
    },
    {
        "city": "Ulhasnagar",
        "state": "Maharashtra"
    },
    {
        "city": "Vasai-Virar",
        "state": "Maharashtra"
    },
    {
        "city": "Imphal",
        "state": "Manipur"
    },
    {
        "city": "Shillong",
        "state": "Meghalaya"
    },
    {
        "city": "Tura",
        "state": "Meghalaya"
    },
    {
        "city": "Aizawl",
        "state": "Mizoram"
    },
    {
        "city": "Dimapur",
        "state": "Nagaland"
    },
    {
        "city": "Kohima",
        "state": "Nagaland"
    },
    {
        "city": "Balasore",
        "state": "Odisha"
    },
    {
        "city": "Baripada",
        "state": "Odisha"
    },
    {
        "city": "Berhampur",
        "state": "Odisha"
    },
    {
        "city": "Bhadrak",
        "state": "Odisha"
    },
    {
        "city": "Bhubaneswar",
        "state": "Odisha"
    },
    {
        "city": "Cuttack",
        "state": "Odisha"
    },
    {
        "city": "Jharsuguda",
        "state": "Odisha"
    },
    {
        "city": "Puri",
        "state": "Odisha"
    },
    {
        "city": "Rourkela",
        "state": "Odisha"
    },
    {
        "city": "Sambalpur",
        "state": "Odisha"
    },
    {
        "city": "Karaikal",
        "state": "Puducherry"
    },
    {
        "city": "Puducherry",
        "state": "Puducherry"
    },
    {
        "city": "Abohar",
        "state": "Punjab"
    },
    {
        "city": "Amritsar",
        "state": "Punjab"
    },
    {
        "city": "Barnala",
        "state": "Punjab"
    },
    {
        "city": "Batala",
        "state": "Punjab"
    },
    {
        "city": "Bathinda",
        "state": "Punjab"
    },
    {
        "city": "Firozpur",
        "state": "Punjab"
    },
    {
        "city": "Hoshiarpur",
        "state": "Punjab"
    },
    {
        "city": "Jalandhar",
        "state": "Punjab"
    },
    {
        "city": "Khanna",
        "state": "Punjab"
    },
    {
        "city": "Ludhiana",
        "state": "Punjab"
    },
    {
        "city": "Malerkotla",
        "state": "Punjab"
    },
    {
        "city": "Moga",
        "state": "Punjab"
    },
    {
        "city": "Mohali",
        "state": "Punjab"
    },
    {
        "city": "Muktsar",
        "state": "Punjab"
    },
    {
        "city": "Pathankot",
        "state": "Punjab"
    },
    {
        "city": "Patiala",
        "state": "Punjab"
    },
    {
        "city": "Phagwara",
        "state": "Punjab"
    },
    {
        "city": "Ajmer",
        "state": "Rajasthan"
    },
    {
        "city": "Alwar",
        "state": "Rajasthan"
    },
    {
        "city": "Bharatpur",
        "state": "Rajasthan"
    },
    {
        "city": "Bhilwara",
        "state": "Rajasthan"
    },
    {
        "city": "Bikaner",
        "state": "Rajasthan"
    },
    {
        "city": "Chittorgarh",
        "state": "Rajasthan"
    },
    {
        "city": "Hanumangarh",
        "state": "Rajasthan"
    },
    {
        "city": "Jaipur",
        "state": "Rajasthan"
    },
    {
        "city": "Jaisalmer",
        "state": "Rajasthan"
    },
    {
        "city": "Jodhpur",
        "state": "Rajasthan"
    },
    {
        "city": "Kota",
        "state": "Rajasthan"
    },
    {
        "city": "Pali",
        "state": "Rajasthan"
    },
    {
        "city": "Sikar",
        "state": "Rajasthan"
    },
    {
        "city": "Sri Ganganagar",
        "state": "Rajasthan"
    },
    {
        "city": "Tonk",
        "state": "Rajasthan"
    },
    {
        "city": "Udaipur",
        "state": "Rajasthan"
    },
    {
        "city": "Gangtok",
        "state": "Sikkim"
    },
    {
        "city": "Chennai",
        "state": "Tamil Nadu"
    },
    {
        "city": "Coimbatore",
        "state": "Tamil Nadu"
    },
    {
        "city": "Cuddalore",
        "state": "Tamil Nadu"
    },
    {
        "city": "Dindigul",
        "state": "Tamil Nadu"
    },
    {
        "city": "Erode",
        "state": "Tamil Nadu"
    },
    {
        "city": "Hosur",
        "state": "Tamil Nadu"
    },
    {
        "city": "Kanchipuram",
        "state": "Tamil Nadu"
    },
    {
        "city": "Karaikudi",
        "state": "Tamil Nadu"
    },
    {
        "city": "Karur",
        "state": "Tamil Nadu"
    },
    {
        "city": "Kumbakonam",
        "state": "Tamil Nadu"
    },
    {
        "city": "Madurai",
        "state": "Tamil Nadu"
    },
    {
        "city": "Nagercoil",
        "state": "Tamil Nadu"
    },
    {
        "city": "Neyveli",
        "state": "Tamil Nadu"
    },
    {
        "city": "Pallavaram",
        "state": "Tamil Nadu"
    },
    {
        "city": "Pudukkottai",
        "state": "Tamil Nadu"
    },
    {
        "city": "Salem",
        "state": "Tamil Nadu"
    },
    {
        "city": "Tambaram",
        "state": "Tamil Nadu"
    },
    {
        "city": "Thanjavur",
        "state": "Tamil Nadu"
    },
    {
        "city": "Thoothukudi",
        "state": "Tamil Nadu"
    },
    {
        "city": "Tiruchirappalli",
        "state": "Tamil Nadu"
    },
    {
        "city": "Tirunelveli",
        "state": "Tamil Nadu"
    },
    {
        "city": "Tiruppur",
        "state": "Tamil Nadu"
    },
    {
        "city": "Tiruvannamalai",
        "state": "Tamil Nadu"
    },
    {
        "city": "Vellore",
        "state": "Tamil Nadu"
    },
    {
        "city": "Adilabad",
        "state": "Telangana"
    },
    {
        "city": "Hyderabad",
        "state": "Telangana"
    },
    {
        "city": "Karimnagar",
        "state": "Telangana"
    },
    {
        "city": "Khammam",
        "state": "Telangana"
    },
    {
        "city": "Mahbubnagar",
        "state": "Telangana"
    },
    {
        "city": "Miryalaguda",
        "state": "Telangana"
    },
    {
        "city": "Nalgonda",
        "state": "Telangana"
    },
    {
        "city": "Nizamabad",
        "state": "Telangana"
    },
    {
        "city": "Ramagundam",
        "state": "Telangana"
    },
    {
        "city": "Suryapet",
        "state": "Telangana"
    },
    {
        "city": "Warangal",
        "state": "Telangana"
    },
    {
        "city": "Agartala",
        "state": "Tripura"
    },
    {
        "city": "Agra",
        "state": "Uttar Pradesh"
    },
    {
        "city": "Aligarh",
        "state": "Uttar Pradesh"
    },
    {
        "city": "Allahabad",
        "state": "Uttar Pradesh"
    },
    {
        "city": "Amroha",
        "state": "Uttar Pradesh"
    },
    {
        "city": "Ayodhya",
        "state": "Uttar Pradesh"
    },
    {
        "city": "Bahraich",
        "state": "Uttar Pradesh"
    },
    {
        "city": "Ballia",
        "state": "Uttar Pradesh"
    },
    {
        "city": "Banda",
        "state": "Uttar Pradesh"
    },
    {
        "city": "Bareilly",
        "state": "Uttar Pradesh"
    },
    {
        "city": "Basti",
        "state": "Uttar Pradesh"
    },
    {
        "city": "Budaun",
        "state": "Uttar Pradesh"
    },
    {
        "city": "Bulandshahr",
        "state": "Uttar Pradesh"
    },
    {
        "city": "Chandausi",
        "state": "Uttar Pradesh"
    },
    {
        "city": "Deoria",
        "state": "Uttar Pradesh"
    },
    {
        "city": "Etawah",
        "state": "Uttar Pradesh"
    },
    {
        "city": "Faizabad",
        "state": "Uttar Pradesh"
    },
    {
        "city": "Farrukhabad",
        "state": "Uttar Pradesh"
    },
    {
        "city": "Fatehpur",
        "state": "Uttar Pradesh"
    },
    {
        "city": "Firozabad",
        "state": "Uttar Pradesh"
    },
    {
        "city": "Ghaziabad",
        "state": "Uttar Pradesh"
    },
    {
        "city": "Ghazipur",
        "state": "Uttar Pradesh"
    },
    {
        "city": "Gonda",
        "state": "Uttar Pradesh"
    },
    {
        "city": "Gorakhpur",
        "state": "Uttar Pradesh"
    },
    {
        "city": "Hapur",
        "state": "Uttar Pradesh"
    },
    {
        "city": "Hardoi",
        "state": "Uttar Pradesh"
    },
    {
        "city": "Hathras",
        "state": "Uttar Pradesh"
    },
    {
        "city": "Jaunpur",
        "state": "Uttar Pradesh"
    },
    {
        "city": "Jhansi",
        "state": "Uttar Pradesh"
    },
    {
        "city": "Kanpur",
        "state": "Uttar Pradesh"
    },
    {
        "city": "Khurshedagath",
        "state": "Uttar Pradesh"
    },
    {
        "city": "Lakhimpur",
        "state": "Uttar Pradesh"
    },
    {
        "city": "Lalitpur",
        "state": "Uttar Pradesh"
    },
    {
        "city": "Lucknow",
        "state": "Uttar Pradesh"
    },
    {
        "city": "Mainpuri",
        "state": "Uttar Pradesh"
    },
    {
        "city": "Mathura",
        "state": "Uttar Pradesh"
    },
    {
        "city": "Mau",
        "state": "Uttar Pradesh"
    },
    {
        "city": "Meerut",
        "state": "Uttar Pradesh"
    },
    {
        "city": "Mirzapur",
        "state": "Uttar Pradesh"
    },
    {
        "city": "Modinagar",
        "state": "Uttar Pradesh"
    },
    {
        "city": "Moradabad",
        "state": "Uttar Pradesh"
    },
    {
        "city": "Muzaffarnagar",
        "state": "Uttar Pradesh"
    },
    {
        "city": "Noida",
        "state": "Uttar Pradesh"
    },
    {
        "city": "Orai",
        "state": "Uttar Pradesh"
    },
    {
        "city": "Pilibhit",
        "state": "Uttar Pradesh"
    },
    {
        "city": "Rae Bareli",
        "state": "Uttar Pradesh"
    },
    {
        "city": "Rampur",
        "state": "Uttar Pradesh"
    },
    {
        "city": "Saharanpur",
        "state": "Uttar Pradesh"
    },
    {
        "city": "Sambhal",
        "state": "Uttar Pradesh"
    },
    {
        "city": "Shahjahanpur",
        "state": "Uttar Pradesh"
    },
    {
        "city": "Shamli",
        "state": "Uttar Pradesh"
    },
    {
        "city": "Shikohabad",
        "state": "Uttar Pradesh"
    },
    {
        "city": "Sitapur",
        "state": "Uttar Pradesh"
    },
    {
        "city": "Sultanpur",
        "state": "Uttar Pradesh"
    },
    {
        "city": "Unnao",
        "state": "Uttar Pradesh"
    },
    {
        "city": "Varanasi",
        "state": "Uttar Pradesh"
    },
    {
        "city": "Dehradun",
        "state": "Uttarakhand"
    },
    {
        "city": "Haldwani",
        "state": "Uttarakhand"
    },
    {
        "city": "Haridwar",
        "state": "Uttarakhand"
    },
    {
        "city": "Kashipur",
        "state": "Uttarakhand"
    },
    {
        "city": "Roorkee",
        "state": "Uttarakhand"
    },
    {
        "city": "Rudrapur",
        "state": "Uttarakhand"
    },
    {
        "city": "Alipurduar",
        "state": "West Bengal"
    },
    {
        "city": "Asansol",
        "state": "West Bengal"
    },
    {
        "city": "Baharampur",
        "state": "West Bengal"
    },
    {
        "city": "Bally",
        "state": "West Bengal"
    },
    {
        "city": "Balurghat",
        "state": "West Bengal"
    },
    {
        "city": "Bankura",
        "state": "West Bengal"
    },
    {
        "city": "Baranagar",
        "state": "West Bengal"
    },
    {
        "city": "Barasat",
        "state": "West Bengal"
    },
    {
        "city": "Bardhaman",
        "state": "West Bengal"
    },
    {
        "city": "Basirhat",
        "state": "West Bengal"
    },
    {
        "city": "Bhatpara",
        "state": "West Bengal"
    },
    {
        "city": "Bidhannagar",
        "state": "West Bengal"
    },
    {
        "city": "Bongaon",
        "state": "West Bengal"
    },
    {
        "city": "Chandannagar",
        "state": "West Bengal"
    },
    {
        "city": "Darjeeling",
        "state": "West Bengal"
    },
    {
        "city": "Durgapur",
        "state": "West Bengal"
    },
    {
        "city": "Haldia",
        "state": "West Bengal"
    },
    {
        "city": "Howrah",
        "state": "West Bengal"
    },
    {
        "city": "Jalpaiguri",
        "state": "West Bengal"
    },
    {
        "city": "Kamarhati",
        "state": "West Bengal"
    },
    {
        "city": "Kanchrapara",
        "state": "West Bengal"
    },
    {
        "city": "Kharagpur",
        "state": "West Bengal"
    },
    {
        "city": "Kolkata",
        "state": "West Bengal"
    },
    {
        "city": "Krishnanagar",
        "state": "West Bengal"
    },
    {
        "city": "Madhyamgram",
        "state": "West Bengal"
    },
    {
        "city": "Maheshtala",
        "state": "West Bengal"
    },
    {
        "city": "Malda",
        "state": "West Bengal"
    },
    {
        "city": "Midnapore",
        "state": "West Bengal"
    },
    {
        "city": "Naihati",
        "state": "West Bengal"
    },
    {
        "city": "North Barrackpore",
        "state": "West Bengal"
    },
    {
        "city": "North Dumdum",
        "state": "West Bengal"
    },
    {
        "city": "Panihati",
        "state": "West Bengal"
    },
    {
        "city": "Purulia",
        "state": "West Bengal"
    },
    {
        "city": "Raiganj",
        "state": "West Bengal"
    },
    {
        "city": "Rajpur Sonarpur",
        "state": "West Bengal"
    },
    {
        "city": "Ranaghat",
        "state": "West Bengal"
    },
    {
        "city": "Serampore",
        "state": "West Bengal"
    },
    {
        "city": "Siliguri",
        "state": "West Bengal"
    },
    {
        "city": "South Dumdum",
        "state": "West Bengal"
    },
    {
        "city": "Uluberia",
        "state": "West Bengal"
    }
]